{
    "Treatment": {
        "tp": 1470,
        "fp": 682,
        "fn": 374,
        "tn": 0,
        "precision": 0.6830855018587361,
        "recall": 0.797180043383948,
        "f1score": 0.7357357357357357
    },
    "Mechanism": {
        "tp": 12,
        "fp": 2,
        "fn": 305,
        "tn": 0,
        "precision": 0.8571428571428571,
        "recall": 0.03785488958990536,
        "f1score": 0.07250755287009064
    },
    "Prevention": {
        "tp": 2454,
        "fp": 844,
        "fn": 38,
        "tn": 0,
        "precision": 0.7440873256519103,
        "recall": 0.9847512038523274,
        "f1score": 0.8476683937823833
    },
    "Case Report": {
        "tp": 0,
        "fp": 0,
        "fn": 482,
        "tn": 0,
        "precision": 0,
        "recall": 0.0,
        "f1score": 0
    },
    "Diagnosis": {
        "tp": 495,
        "fp": 280,
        "fn": 407,
        "tn": 0,
        "precision": 0.6387096774193548,
        "recall": 0.5487804878048781,
        "f1score": 0.590339892665474
    },
    "Transmission": {
        "tp": 0,
        "fp": 0,
        "fn": 109,
        "tn": 0,
        "precision": 0,
        "recall": 0.0,
        "f1score": 0
    },
    "Epidemic Forecasting": {
        "tp": 0,
        "fp": 0,
        "fn": 93,
        "tn": 0,
        "precision": 0,
        "recall": 0.0,
        "f1score": 0
    }
}