{
    "earn": -0.9936788828422437,
    "acq": -1.5452876654229368,
    "money-fx": -2.672209536932159,
    "grain": -2.8934821803105573,
    "crude": -2.9993620416045697,
    "trade": -3.0472435278377836,
    "interest": -3.109060958860994,
    "wheat": -3.6007472424162876,
    "ship": -3.700331947845724,
    "corn": -3.754108344626528
}