{
    "earn": {
        "tp": 1051,
        "fp": 5,
        "fn": 29,
        "tn": 0,
        "precision": 0.9952651515151515,
        "recall": 0.9731481481481481,
        "f1score": 0.9840823970037453
    },
    "acq": {
        "tp": 700,
        "fp": 25,
        "fn": 18,
        "tn": 0,
        "precision": 0.9655172413793104,
        "recall": 0.9749303621169917,
        "f1score": 0.9702009702009703
    },
    "money-fx": {
        "tp": 158,
        "fp": 42,
        "fn": 21,
        "tn": 0,
        "precision": 0.79,
        "recall": 0.88268156424581,
        "f1score": 0.8337730870712402
    },
    "grain": {
        "tp": 118,
        "fp": 4,
        "fn": 30,
        "tn": 0,
        "precision": 0.9672131147540983,
        "recall": 0.7972972972972973,
        "f1score": 0.874074074074074
    },
    "crude": {
        "tp": 170,
        "fp": 17,
        "fn": 16,
        "tn": 0,
        "precision": 0.9090909090909091,
        "recall": 0.9139784946236559,
        "f1score": 0.9115281501340482
    },
    "trade": {
        "tp": 106,
        "fp": 22,
        "fn": 10,
        "tn": 0,
        "precision": 0.828125,
        "recall": 0.9137931034482759,
        "f1score": 0.8688524590163935
    },
    "interest": {
        "tp": 59,
        "fp": 3,
        "fn": 72,
        "tn": 0,
        "precision": 0.9516129032258065,
        "recall": 0.45038167938931295,
        "f1score": 0.6113989637305699
    },
    "wheat": {
        "tp": 0,
        "fp": 1,
        "fn": 71,
        "tn": 0,
        "precision": 0.0,
        "recall": 0.0,
        "f1score": 0
    },
    "ship": {
        "tp": 39,
        "fp": 1,
        "fn": 48,
        "tn": 0,
        "precision": 0.975,
        "recall": 0.4482758620689655,
        "f1score": 0.6141732283464567
    },
    "corn": {
        "tp": 9,
        "fp": 2,
        "fn": 47,
        "tn": 0,
        "precision": 0.8181818181818182,
        "recall": 0.16071428571428573,
        "f1score": 0.2686567164179105
    }
}